,Description,Category
399,Fucking and Cumming videos Hottest charming guys of the net in a daily updating collection of of newly shot young gays tube,Adult
202,Watch black girls whose pussies fucked by super big dicks in this super hot porn galleries HQ and HD black sex pictures,Adult
654,Egypt s Only Daily Independent Newspaper in English,Non_Adult
726,Cleveland s breaking news leader and home of the First Alert forecast Affiliate Terms of service,Non_Adult
191,Guardian Brexit correspondent Have a story we should cover lisa ocarroll co uk or try securedrop,Non_Adult
470,The best HD gay porn videos updated with the hottest men and gay sex scenes Gay Room is the leader in exclusive hardcore gay porn movies,Adult
22,Actor Director Founder of GSF Author of NYT Bestseller Grateful American,Non_Adult
567,The hottest blog on the Internet sex celebrities amateurs funny and shocking videos porn videos sexy pictures and much more,Adult
601,Observer columnist Features Editor The Fence One time drinks dispenser to Mary McAleese Did Ye Hear Mammy Died OUT NOW at,Non_Adult
298,IcePorn TV a hundreds hd porn videos and free porno daily added will give you pleasant moments You can watch the best quality porno videos from our Porn tube,Adult
107,Welcome to our Free Porn Movs tube site Check out featured porno clips on Newpornmovs com,Adult
573,Perverted Hardcore Sex you can find here The most perverted hardcore videos only young and beautiful slaves are roughly fucked in the ass and they do a perfect wet rimjob male asshole licking,Adult
398,If you need to purchase condoms check out our selection of great brands at affordable prices We are the online condom specialists,Adult
530,Breaking news since 1847,Non_Adult
6,Siterip Download Download Free Siterips and Videos from paysites oday daily update mydirtyhobby free download or watch online,Adult
271,A syndicated partner of Pack Pride is an independent publication that brings you the latest on NC State athletics,Non_Adult
447,The worlds leading vegan media platform,Non_Adult
158,national political correspondent political analyst,Non_Adult
594,Community news for PokemonGO worldwide Not affiliated with Nintendo The Pokmon Company or Niantic Labs TheGameAwards,Non_Adult
210,Stress free and easy shopping experience Simple and speedy service,Non_Adult
503,Watch more than 5 million Porn Videos on xHamster for free Stream new XXX tube movies online browse sex photos date girls to fuck at xHamster,Adult
634,and present Melbournes 9News on at 4 00pm 6 00pm Simulcast on Community Guidelines,Non_Adult
841,Browse millions of FREE porn pics of Hot Sex With Cougars and Legal Teens XXX porno photos only on the largest porn site,Adult
250,TV Radio Broadcaster Former Rugby Player Ugo com,Non_Adult
533,Inspiring connecting UK tech businesses with breaking news data led industry analysis profiles events Founder 05,Non_Adult
718,New Sex Videos New Porn Videos Free Download HD High Quality Xxx Video Mp4 Adult Sex Clips HotXV com,Adult
369,If you have a groove on the anime pornography and ready to watch this type of oaters for long hours every day you ought to visit the site gold hentai tube it is worthy of the highest accolade but seeing it on your own is better than anything else all present sex video masterpieces are free and attractive and all its video production is refreshed on the permanent basis just a few clicks are enough for you to get plunged in the universe of anime sex and eternal porn pleasure the gold hentai tube welcomes all sex addicts to visit the site and express your opinion about it there is nothing more you have to do,Adult
69,Chief Political Correspondent Sky News reporting politics at Westminster since Jan 1982 Asian Voice Journalist of the Year 2019,Non_Adult
282,English newseng Sport sportgr,Non_Adult
2,Gay Men Ring Free gay tube for mature gay men updated with gay porn videos and gay sex movies,Adult
239,Browse and download the best porn pics for FREE Hot sex pics sorted by categories and updated daily,Adult
826,Wellcome into the huge world of stream porn videos You can find absolutely all what you want in porn pretty babes dirty housewifes big lusty orgies hard anal adventures public sex smutty asian sex naked celebrities big black cocks arab sex style scenes young boys fucks old ladies and more other free porn videos,Adult
709,The best British and European models in a lingerie lovers paradise with over 3 400 000 exclusive images and videos Updated every day with at least 6 new sets,Adult
128,Breaking news analysis and commentary on all things conservation,Non_Adult
812,Free Sex Movies Megasite,Adult
773,Decibel the hottest magazines flexi discs books exclusive vinyl festivals and tours in metal,Non_Adult
679,FoxHQ is a daily updated blog the best babes are posted If you like them busty or new porn you will get every link that hits the spot,Adult
355,Economist Podcaster Columnist Co Editor in Chief at Politics Economics Freedom is not free vanessa com,Non_Adult
171,book WELL THIS IS EXHAUSTING sex columnist newsletter HERE S THE THING she her,Adult
33,The OG youth culture platform in the UK Multi channel live and experiential agency for some of the UKs biggest youth focused brands,Non_Adult
387,RTA Restricted to Adults enables parental filtering and work to enforce the prevention of children from viewing age inappropriate content,Adult
272,America s Finest Political News Source,Non_Adult
344,Top free porn videos free phim sex xnxx lau xanh listed and graded All the Free Porn you want is here Watch as they slide down hard dicks and slurp long erect dongs If you re into something kinkier there are many femdom videos available to you to check them out and indulge in them in full HD glory Tons of videos isedap com categories and sexy pornstars So enjoy,Adult
82,US China correspondent Financial TimesFormer Washington Bureau ChiefPentagon CIASouth ChinaAsia News EditorDubliner Signal 202 763 4267,Non_Adult
169,The Daily Camera newspaper in Boulder Colo covers local news sports lifestyles entertainment business opinion and more throughout Boulder County,Non_Adult
278,Influential Investigative Independent EUobserver is an online not for profit newspaper reporting on the European Union,Non_Adult
473,Get ready for your best orgasms free XXX video will give you crazy pleasure,Adult
153,Watch Adult Rental for better quality Adult Movies on Demand and Full Length Porn Movies Online Become a member today for Unlimited Porn Movies,Adult
336,South Florida s 1 News Station Your 24 7 source for breaking news powered by our digital team Breaking news newsdesk com,Non_Adult
554,Visit Phazeddl for free reviews on Atlanta businesses and professionals Phazeddl is a great tool for finding top rated professionals near Atlanta,Non_Adult
365,Lesgalls your source for exclusive big tits and bbw porn on the net Thousands of sexy plumpers are waiting for you here,Adult
120,All the news and information you need to see curated by the News team Watch full ABC News broadcasts on,Non_Adult
643,Sports columnist for the Boston Globe Author Winner BBWAA Career Excellence Award presented at Baseball Hall of Fame,Non_Adult
624,Breaking news updates and stories from southwest Connecticut s largest newspaper,Non_Adult
70,Welcome to Gay Fuck Porn Tube We daily see new gay videos online for free viewing We collect for you only quality video clips,Adult
756,The latest world news from the,Non_Adult
88,Presenter of Inside Health on and health and science correspondent Contrary to popular opinion my middle name is not Tiberius,Non_Adult
513,We are the independent student newspaper at Indiana University Have news or questions Send us a DM For more Sports and BlackVoices,Non_Adult
783,NHS DoctorBest Selling AuthorGP on President Ambassador,Non_Adult
510,IT consultant technology user tinkerer and sometimes Klingon tips pitch com,Non_Adult
548,Presenter producer BBC World News Focus On Africa What you need is near you I learn everyday Retweets replies not endorsements,Non_Adult
49,Welcome to my sex games site Here you will find the best free sex games for your pleasure I use to update often so don t forget to return soon Enjoy,Adult
411,llll Amateurs in the Sex Cam uncensored HD porn films live TV for adults discover erotic trends discount actions 100 anonymous,Adult
675,The world s most widely read aviation magazine,Non_Adult
611,NBA correspondent NOW via Once Always Proudest Dad EVER,Non_Adult
424,TV Presenter Columnist Writer Reporter Trustee Foundation 41 years of Television and Radio presenting counting,Non_Adult
57,Human rights and peace worker writer columnist researcher and teacher works with survivors of mass violence hunger homeless persons and street children,Non_Adult
117,FCA Director Cardinals Broadcaster Views are my own and don t represent the views of FCA or the Cardinals Follow me on instagram,Non_Adult
93,Breaking news updates from the website of Malaysia s free and largest circulating urban newspaper Like Thesundaily on Facebook Instagram,Non_Adult
300,HaceWeb Mzansi Social Page is a South African News and Entertainment Blog We focus on true and original celebrity political entertainment news,Non_Adult
640,The official account for the East Anglian Daily Times newspaper delivering the latest Suffolk Essex news and sports headlines straight to you,Non_Adult
74,Blogaholic CornwallMake money online Healthy living Travel HomeClick for blogs free cashWork with me page,Non_Adult
265,Search Free HD Categories Porn,Adult
628,Broadcast Journalist RTs Endorsement Views are my own Insta sadaafjabbar,Non_Adult
642,University of Kansas Graduate 14 Year NBA Vet Broadcaster for NBC Sports Washington,Non_Adult
682,Bondage BDSM Gear Sex Toys Ass Play Harnesses Pup Play Fetish Clothing since 1979 Our Leather Neoprene gear is designed and manufactured in the heart of San Francisco,Adult
413,Author of Alienated America Columnist at the Washington Examiner Senior fellow at AEI Husband Dad of six T ball coach Disclosure,Non_Adult
540,Official Account of Sudarshan 24x7 National News by Show BindasBol Support,Non_Adult
316,Free Adult Films,Adult
840,For all you lovers of lesbian porn out there tune in for the most amazing collection of such genre Top lezzie fuck videos which will keep you aroused like never before hours of fucking and nudity along the best girls,Adult
289,Proud Mother of 3 Boys Former World 1 Tennis Player Broadcaster,Non_Adult
616,Hometown Dorchester MA 1st job Paper Boy Current job Dad CNN Chief National Correspondent Anchor Inside Politics Fan of all sports Boston BeatMS,Non_Adult
586,Welcome to ClicPorn the porn tube site for the best porn videos in 2022 Enjoy movies channels pornstars hot photos live cams and gay porn in HD and homemade XXX ClicPorn com is 100 FREE,Adult
349,Award Winning Author and Book Coach Brainstorming Queen Journaling Junkie and Positivity Powerhouse Blogging Spirituality Book Promotion Happiness,Non_Adult
150,Free sex and erotic online games Play over 2000 most popular sex erotic porn and xxx games online for free MyCandyGames com the leading online games site where you can play a huge range of free adult games,Adult
713,Breaking news sport and more from East Lancashire We re also on FB,Non_Adult
407,The monthly magazine Detroiters rely on for award winning coverage of issues and people affecting their livesand a source for the finer things in the region,Non_Adult
180,The nation s most influential source of news and information on U S housing finance We help readers make sense of the real estate economy Irving TX,Non_Adult
397,The nations entertainment powerhouse we set the pace with more breaking news in depth profiles exclusives than anyone else Weeknights on 7 30,Non_Adult
392,Portland Monthly is Oregon s No 1 lifestyle brand We share the stories of our city,Non_Adult
420,Creator Host of perpetual student on flags has over 6 5M views NYT Bestseller The 99 Invisible City,Non_Adult
645,North Florida and South Georgia s number one news source for over 60 years Tallahassee Valdosta affiliate Sports Weather,Non_Adult
257,15 pics GREY HAIRED GRANDMA REVEALS HER AGED PUSSY16 pics HORNY GRANNY GETS,Adult
21,Check out the best Mature porn tube with tons of high quality xxx Mom videos of hot mature women Matures Grannies Moms and Boys Asian matures Mature shemales Mature dildo Mature lesbians,Adult
402,Guardian columnist and features writer Author of We Need New Stories,Non_Adult
375,South Africa s leading motoring media brand Informing and entertaining South African car lovers since 1957,Non_Adult
610,Storyteller I like writing dark fiction because it allows me to put characters into extreme situations and then find out what they re made of LGBTQ,Adult
614,The Independent Author Network Celebrating 10 Years of Promoting and Supporting Indie Authors Over 700 000 social media followers love our books IAN1,Non_Adult
118,Get latest Bollywood news celebrity news new hindi movie releases,Non_Adult
728,Bitcoin Ethereum and other crypto news around the world,Non_Adult
372,an australian mag for the creative and curious our 105th issue is out now,Non_Adult
97,Breaking Hong Kong News as it happens,Non_Adult
522,She Her Author of 1 bestseller Orange is the New Black My Year in a Women s Prison IG,Non_Adult
253,Fox News Sunday with Chris Wallace,Non_Adult
708,IMG Models is the international leader in talent discovery and model management widely recognized for its diverse client roster The agencys offices are located in six world capitals New York Los Angeles Paris London Milan and Sydney,Non_Adult
658,The number one magazine for Mini owners and fans worldwide,Non_Adult
109,All Free Porn Videos Celebs Vintage Classic Porn Pornstars Models Kinky Fetish BDSM Gay Ethnic Gay Bi Sexual Shemale Ladyboy Hentai Anime Amateur Softcore Hardcore Men,Adult
155,CNN Political Correspondent Send me your tips and your animal photos,Non_Adult
127,is your one stop source for Dune news and reviews incl DuneMovie 2021 books comics games and future TV shows Home of,Non_Adult
724,Naughty America offers the best VR porn videos online Our virtual reality porn turns your xxx fantasies into the most vivid virtual reality sex experience,Adult
461,Chief News Correspondent for The Nine reporting from around the globe Formerly based in Los Angeles covering North America for BBC News,Non_Adult
207,Bareback gay porn movies on Lucas Entertainment include HD gay sex scenes free gay porn and porn stars like Michael Lucas Rafael Alencar Billy Santoro,Adult
62,Javanan is the premiere Persian English publication outside of Iran Arts culture entertainment sports world news celebrating 30 years in print,Non_Adult
137,Welcome to the section of porno and erotica namely the photo collection of naked girls Over 50 million porn pics available for free,Adult
668,Nationally Syndicated Radio TV Host Podcast Magazine Sports Category Dir Clubpod Leader Fireside Creator Branding Specialist CMO of HaleysComet,Non_Adult
474,Subscribe We are a newspaper serving the greater Lehigh Valley in eastern Pennsylvania including Allentown Bethlehem and Easton,Non_Adult
774,brings you the latest news with 360 degree coverage across genres Instagram Download App,Non_Adult
20,Real Live Hidden Cameras and Voyeur Videos,Adult
334,SAfm Leading the conversation For news highlights and updates,Non_Adult
382,Ireland s premier breaking news website providing up to the minute news and sports reports,Non_Adult
220,Subscribe DontLookUp co producer Meltdown producer narrator founder columnist s spouse,Non_Adult
101,Pinoy erotic gay story writer japanese porn stan underwear fetish TAKEN Be a patron Add me on FB,Adult
711,EnviroNews The World s Premier Source of Investigative Reporting on the Environment Energy Health Climate Nature and Wildlife,Non_Adult
663,SexMosaic Sex online Movie online download movie Free Porn Porn Video online Free HD Free JAV video Free download porn video Asian Adult Videos Japanese Porn online judge Asian video collection,Adult
295,Free BDSM photos and links Daily updated galleries with fresh high quality BDSM pictures every day,Adult
376,Mature porn tube hot moms and milfs fucking boys on video,Adult
223,Breaking news from around the world Follow for news unique perspectives analysis videos and more,Non_Adult
571,Racing Correspondent Broadcaster Journalist Speaker Writer BBC Sport 1990 2020 Ambassador Ambassador bid,Non_Adult
770,The world s 1 plant based food lifestyle magazine,Non_Adult
288,Covering food style entertainment and all things Atlanta since 1961 tweeting about them since 2009,Non_Adult
666,TAC Amateurs The world s Biggest Amateur Sex Sites Network Over 300 real amateur porn models wives and girlfriends running their own adult websites,Adult
437,The best booru for real porn stuff Serving 716 585 posts,Adult
205,Welcome to the official WhiteGhetto com Home of the best Indian Desi porn movies MILF and Mature XXX ball busting teens BBWs hairy pussies more x000D x000D,Adult
790,Thousands sexy photos of nude girls chubby teens perfect bodies nudist girls hot amateurs asian and latin teens young models We collect all hot girls for you Updates daily,Adult
795,Welcome to the Official Site for Holly Randall Erotic Photographer Producer and Director Daughter of erotic photographer Suze Randall Holly Randall brings her own site featuring her own top glamour babe content You will find erotica and solo photos and videos plus some hardcore action as well,Adult
475,Owner and proprietor of Note This is a one way account in which I broadcast tweets but do not look at or respond to replies,Non_Adult
494,Editorially independent student newspaper founded 1908 Sports sports Lifestyle arts,Non_Adult
61,EdTech issues facing K12 IT leaders admins and educators Sponsored by CDWG Sign up for timely insights free,Non_Adult
482,Watch free real sexy amateur porn videos and clips on kodiefiles nl uploaded dump porn xxx real amateurs making horny pussy teen slut fuck hot,Adult
181,Podcast Something to Talk About With Samantha Armytage columnist,Non_Adult
538,Host of The Forum Celeb Podcast I ve been featured on ESPN CBS ABC radio podcasts other media outlets JAMPA Media Network,Non_Adult
83,Daily newspaper serving since 1900 Check out our sections,Non_Adult
124,Free Zoo Porn Bistiality Movies Animal Videos from XNXX Xvideos Xhamster Pornhub Tube8 and another XXX Tube Sites Horses dogs and more,Adult
541,Watch Mature xxx sex movies gets Crazy Granny xxx videos and Laid video on this tube porn site the ultimate archive of free mature and MILF hardcore porn tube,Adult
835,Keeping you Tapped in with the Fashion World Turn on Notifications FOLLOW US ON INSTA OutlanderMagazine Contact Contact com,Non_Adult
597,Free and hardcore Indian porn featuring some of the most beautiful hindi hoes out there everybody knows that theres no one hotter than say a Desi mommy you are going to love watching Indian teens and milfs get fucked on camera its extremely arousing because its extremely taboo watch countless new Indian porn Videos without having to pay for them,Adult
77,Cherry Blossoms is the best dating site to chat or meet Philippine and Asian women In business since 1974 Blossoms com has 100K visits monthly Featured in Seattle Daily Join for Free Now,Adult
184,Kathimerini English Edition is a daily newspaper published in Athens It is distributed exclusively with the NYT International Edition in Greece and Cyprus,Non_Adult
463,Breaking news and top stories from the NBC29 Newsroom a regional Edward R Murrow award winner in multimedia,Non_Adult
55,Beautiful girls accommodating their male partners by offering all their orifices up to be pleasured Shot with the highest quality cameras and top video encoding settings this is anal sex like you ve never seen before,Adult
545,Gay Shop weltweit online,Adult
588,Licensed by the National Media Council SMS BARQE to 1110 at 4AED week and keep posted with the latest breaking news For more info please call 6005434443,Non_Adult
725,TV presenter journalist weather reporter travel food writer Columnist awards functions host Agent julia co uk,Non_Adult
165,Chief Correspondent and Presenter Channel 4 News,Non_Adult
779,US managing editor of and long suffering Orioles fan Ex news editor Former national security correspondent for and in DC,Non_Adult
676,Mangoporn is the world s leading free porn site Choose from millions of hardcore videos that stream quickly and in high quality including amazing VR Porn best place to watch porn movies and porn videos in hd quality,Adult
267,EPL Breaking News by,Non_Adult
115,Official Neuroscience News Twitter Brain research news articles on neuroscience psychology AI neurology brain cancer robotics mental health science,Non_Adult
170,Hot amateur men gay sex and LIVE webcam shows,Adult
310,Granny women loving suck cocks Love of the mommies and grannies is the best See the grannie love in all its forms,Adult
562,Justice Correspondent Alignment Neutral Good Str 12 Dex 8 Con 15 Int 13 Wis 10 Char 14 Class Paladin Strong Against Republicans,Non_Adult
198,Get the premium com domain you deserve Seamless and professional transactions Payment plans available,Non_Adult
686,Just the News is a nonpartisan news media brand based in Washington D C committed to just reporting facts from journalists RTs likes are not endorsements,Non_Adult
665,Watch the best FREE porn pics Browse over 1500000 XXX photos sorted by categories and updated every day,Adult
218,US news opinion features and sports from the Guardian Support the Guardian today,Non_Adult
211,Breaking news direct from Intel s online Newsroom,Non_Adult
649,Darkplay net is the original hardcore lesbian BDSM site created on 2000 by Zille Defeu,Adult
464,Fresh free porn movies free porn by category hardcore cumshot blowjob anal group sex mature bbw and big tits interracial lesbian shemale,Adult
340,THE OFFICIAL ACCOUNT OF NEWSTALK 1010 TORONTO S BREAKING NEWS TRAFFIC AND WEATHER,Non_Adult
741,The Sun is a daily newspaper based in Lowell Massachusetts serving towns in Massachusetts and New Hampshire in the Greater Lowell area,Non_Adult
54,covers breaking news and business stories in Dubai the UAE and the GCC,Non_Adult
787,All the sports talk interviews game coverage and podcasts from the top personalities in sports Listen now on the free app,Non_Adult
419,Sport news comment video and more from the For all your US sports needs follow and Australian sport IG guardian sport,Non_Adult
820,The adult affiliate network of PartnerCash Network guarantee innovative programs fast support and great commissions for your generated adult traffic,Adult
768,CBS News Sunday Morning The Atlantic Author of The Hardest Job in the World Lift people up don t lower them down E B White,Non_Adult
827,Best Chinese porn is a porn tube that is choke full of hardcore Chinese videos we do not discriminate also adding Various other asian Xxx videos thai vietnamese etc as far as free Av porn goes we have a great selection of the hottest japanese bitches that cannot stop pleasuring their kinky partners on camera free jav porn can also be found here dont worry,Adult
595,best friends wives fuck hot tube porn videos my sex movies free housewives slut cheating cuckold husband nextdoor ex wife nasty busty housewife girlfriends homemade real house readers lonely old black dick white cock naked slutty nude mature fucking naughty uk amateur british viewers fun caught wild horny lovers swapping married watching older boobs big natural pussy sharing wife,Adult
574,Young porn teens is a wild and passionate place where you can see smashing young sex movies which will dazzle your mind Check out this teen porn tube now,Adult
329,Senior White House Correspondent board Veteran of Cap Hill Campaigns LA NY bureaus Insta,Non_Adult
819,Watch stream and download tons of best homemade videos and movies Rule Porn is the best xxx amateur homemade site in the world,Adult
564,The Best XXX Tubes and XXX Tube Videos HDXXXL com This Tube Updates Hour amp amp Ranks All Porn Videos According Popularity Cum and Enjoy,Adult
739,Policy Correspondent at I also do videos of nice cycle routes in London link below jon stone co uk,Non_Adult
516,Come and visit the sexiest livesex cam models on the net Horny girls boys and trannies are waiting for you Chat with them for free,Adult
147,Horse Dick free porn site about horse penis during sex All type dick of horse long stallion cock fat runner dick small pony penis Enjoy dick porn,Adult
279,First with the news Follow us on instagram,Non_Adult
254,Entrepreneur and writer Columnist at Swarajya and Dainik Jagran Chapter Co ordinator Indic Academy Agra Jamuna kinare mero gaon,Non_Adult
353,BigTitsGf will give you more than you expect to see anywhere No doubts vicious tits fuck is a perfect way of warming up but you will find more than that in our fascinating collection Be ready for tons of xxx clips to every liking from big tits sex to merciless drunk gf fuck No matter what your libido prompts you you will enjoy it here watching top rated porn clips and daily updates for free,Adult
514,Feel free to see the most goatish MILFs,Adult
53,Partnered Facebook Broadcaster Contact rivaLxfactor com Xidax PC s,Non_Adult
492,Las Vegas Magazine is the entertainment magazine of choice for Vegas visitors,Non_Adult
664,PornHolding is more that a mere pompous name it is a very huge free sex tube resource that is able of satisfying any porn watcher in the world without exceptions We have more porn video categories that you can cope with and hundreds of girls porn clips to any vicious taste in any section If we mention numerous xxx links and hot daily updates you will realize that Porn Holding is your sex venue,Adult
230,Serving the Illinois Iowa Quad Cities Area Got a story you want to see on air or on Email us at news com or call 563 823 KWQC,Non_Adult
701,Atlanta s 1 UNCUT Internet Station 24 7 Live Broadcast Listen Online or Phone We spin INDIE HipHop RnB,Non_Adult
146,NHS Doctor BAFTA Award Winning TV Presenter Sunday Times Best Selling Author Columnist Charity Ambassador Views my own He Him,Non_Adult
776,Sex Motors Popular Porn Movies and Sex Clips mom panties indian family sex sleeping teens asian big black cock schoolgirl erotic nd other XXX films,Adult
734,she her Mech Engineer turned writer broadcaster 4 135 LISTEN LAYLA out now TALKING ABOUT A REVOLUTION out 06 22,Non_Adult
613,The Official Twitter account of MEGA the Philippines Best Fashion Magazine IG magazine,Non_Adult
86,Global finance correspondent for the Financial Times Semi professional Norwegian despite the Harry Potter esque name Author of Trillions Views mine bla bla,Non_Adult
219,Mike Cook is an author and artist His novel Scorpions is available on Amazon and his surreal artwork can be purchased on Fine Art America,Non_Adult
296,The latest tech news stories,Non_Adult
669,Follow us for the latest news about events products and more Follow us on Instagram too,Non_Adult
44,FREE Archives Parody Art and Sex Comics by JAB Exclusive never before seen original sex comics Farm Lessons The Wrong House Ay Papi and more,Adult
174,LATimes Legal Affairs Columnist Former US Attorney DOJ official Teach con law at UCSD UCLA Lawyer Exec prod host,Non_Adult
301,Moscow correspondent for Write me at Andrew Roth com,Non_Adult
731,Breaking news and features about Japan from the nation s most widely read English language newspaper,Non_Adult
839,At Banned Sex Tapes we got all the celebrity nude videos youre looking for The number one celeb porn site on the internet featuring huge movies collection and extensive photo archive,Adult
139,Looking for a casual matchmaking site that will bring your closer to your perfect date Why not try xTonight and see what we ve got in store for you Sign up now xTonight,Adult
162,Free porn Mature Granny Solo Creampie Hairy Mom Wife Amateur Lesbian Interracial Homemade Masturbation Anal Stepmom Cougar and much more,Adult
346,The latest national and international news from the team,Non_Adult
497,Chief Meteorologist managing editor of the climate unit at ABC News NotAWeatherGirl author Natural Disaster Chasing Helicity host Hearts of Heroes,Non_Adult
532,Porn videos Mom Stepmom Lesbian Japanese Vintage Wife Mature Teen Interracial Homemade Erotic Massage Granny Hairy Caught and much more,Adult
655,National correspondent for Author of zero books DMs open For sharing sensitive information or documents contact me on Signal app at 646 394 3002,Non_Adult
587,Vatican News is a service provided by the Holy See s Dicastery for Communication Follow us for news about Pope Francis the Vatican and the Church,Non_Adult
519,Live updates and breaking news as it happens from the journalists at,Non_Adult
280,Amateur hardcore softcore and group granny sex photos featuring hot MILF galleries and naked mature women Granny Porn Pictures presents the best mature tits collection of sexy moms xxx categories,Adult
556,Philosopher energy expert Author NYT bestseller Moral Case for Fossil Fuels and Fossil Future Penguin 4 19 22 Founder Center for Industrial Progress,Non_Adult
395,Edmontons Local Breaking News,Non_Adult
203,Find here a lot of free sex photos of hot teen cuties and see tight girls pussies and their amazing juicy tits,Adult
9,Diplomatic correspondent Senior Contributing Editor The Jerusalem Post podcast host ex Knesset reporter Proud Jew and Zionist Wears pink on Wednesdays,Non_Adult
485,Columnist editor for Sun papers Postmedia afurey com Host of Postmedia podcast Full Comment with Anthony Furey,Non_Adult
393,Learning to trust the lord more and more each day as father husband friend sports broadcaster love NBA,Non_Adult
262,Dive into SexEmulator the hottest 3d online porn games Build and Control your sexy character as you teach her different skills such as blowjobs spanking anal and more,Adult
270,Television Play by Play broadcaster San Jose Sharks NBC Sports California National Hockey League,Non_Adult
442,Find transsexual shemale travestie transvestite and transex escorts worldwide Europe Asia America and Australia,Adult
163,Watch our BEST JAV at Heydouga today We offer tons of JAV videos on our pay per view and unlimited streaming plan only for 14 99 per month,Adult
453,Broadcaster Sky News Australia,Non_Adult
285,MilfTube su Porn movies Public flashing Ass Granny Granny big tits Mature swingers Mature amateur Mom Grandpa Mature big tits Interracial,Adult
606,Girl from the north side former Dragon nurse business woman publisher broadcaster mother of one amazing boy,Non_Adult
707,A pivotal voice in American intellectual life since 1945 Sign up for our newsletter here,Non_Adult
551,Radio and TV Producer and Broadcaster passionate about using media as a tool to cause positive change in the Society Road Safety Advocate and Idealist,Non_Adult
409,Zimbabwe Broadcasting Corporation First with the news about Zimbabwe and Africa,Non_Adult
339,20 years at DOJ 10 as defense counsel lifetime as inveterate NYer NYT bestseller Where Law Ends Inside the Mueller Investigation Link,Non_Adult
318,Breaking company news and stories from around the globe about coffee our stores and the people who bring it to life For media inquiries press com,Non_Adult
797,Doctor Writer Researcher Chairman Book Duty of Care No 13 Sunday Times bestseller,Non_Adult
684,Upcomics Download free adult comics 3d comics hantai manga adult games,Adult
99,DarkX is your portal to hardcore interracial porn with tiny girls and huge black cocks Watch exclusive first time interracial sex with the hottest stars,Adult
543,Japanese Escort Girls Club All gentlemen of ladies first sipirit please enjoy full joy blissful moment to be served by ladies in this japan,Adult
845,Free downloads of mobile porn in 3gp mp4 video quality Browse the largest collection of xxx videos for mobile pc iphone ipad android,Adult
291,Welcome to our Hentai Tube Download and Watch the best Hentai Videos completely free English and Spanish subbed Censored and Uncensored Hentai Enjoy,Adult
714,The web resource always updates with high quality porn videos and that is why you would always know how to spend some of your free nights,Adult
526,Watch porn videos featuring the hottest pornstars on ZeroToleranceFilms com the world s best porn site,Adult
805,Official Twitter account of the 1 source for Volleyball news for more than four decades,Non_Adult
315,Device Bondage takes BDSM porn to new levels with extreme restraints unique devices with beautiful pornstars to huge forced squirting orgasms,Adult
477,All things Crypto and NFT Posting the Latest News in the world of Crypto Currencies Crypto NFTs Gutter Cat Gang Cool Cats Bitcoin Ethereum Ripple,Non_Adult
71,Ideas to help promote your business without the hype by Matthew Meyer Your comments are always welcome,Non_Adult
166,The official account for the BBC News technology team,Non_Adult
161,The latest sports and racing news from Hong Kong China and Asia from South China Morning Post Asia s leading English language newspaper,Non_Adult
130,Teen Sex Hot tube has large collection of horny and nasty teen girls videos In porno clips these passionate young bitches posing naked expose their bodies show perky tits and round asses fucking and sucking cocks,Adult
330,Black Sex Finder is a black people dating site where you can meet black man woman who enjoy dating Sign up now,Adult
136,4pig com is Free Porn Tube Only Hot as Hell HD Amateur Porn Videos Sex Clips Available on all mobile devices iPhone iPad or Android For FREE,Adult
836,Our open community of contributors covers breaking news and top trends in Social Media Digital Marketing Content Marketing Social Selling and More,Non_Adult
320,Since 2008 we find and collect quality safe adult links then sort rate and share them in this porn directory With no annoying ads,Adult
16,Twitch Broadcaster Indie Game Dev Business Inquiries waffle tv,Non_Adult
113,Award winning broadcaster journalist author voice artist Official Account YouTube Rep d by bgorman com,Non_Adult
7,FM DDL all downloads are 100 legal,Non_Adult
195,Amateur nude porn galleries ExGirlfriends exwife swingers pictures,Adult
539,Free porn tube from youporn Sex Plux is the huge tube sex and hard movies download porn videos and free sex movies,Adult
173,Beeg uncensored FreePorn Videos give you real enjoyment and wild stamina for your libido,Adult
294,Writer of books columns plays songs scripts Radio TV broadcaster Founder HaveFaithHaiti,Non_Adult
733,Christian Husband Dad Host Journalist Columnist Books Podcast Views are mine,Non_Adult
784,Serving writers readers since 2007 the WritersAlliance provides invaluable writing resources for authors screenwriters readers Welcome writers,Non_Adult
565,The bi annual magazine for the culturally and visually hungry Preorder the Taking Back Control Issue now,Non_Adult
67,Unify Personify Electrify Edify Magazine is on stands now,Non_Adult
356,SVP of Operations RotoGrinders ScoresandOdds DFS Player DB730 former talk radio host working toward a sub 5 golf index,Non_Adult
818,PornFlip is the oldest and biggest Free Porn Tube site Porn HUB of XXX videos Watch and Download Porn Videos in our huge collection of FREE hardcore porn,Adult
204,Freelance sports broadcaster MGMT jason sports com Insta,Non_Adult
390,Fun com carries unique gifts and geeky products Shop Star Wars toys Funko Pop Vinyls gadgets action figures collectibles and so much more Whats fun for you,Non_Adult
531,Free MILF porn galleries with cheating wives and slut moms fucked raw Tons of categorized hot MILF porn pics including nude mom photos,Adult
715,We put data to work for development Follow us for opendata updates support news stories data visualizations,Non_Adult
544,Award winning broadcaster Author BecomingIman SermonsOfSoul iman com for bookings,Non_Adult
194,The best free amateur porn home made porn blog on the internet Private voyeur amateur sex pictures and movies Real amateurs in the most exciting amateur sex porn action,Adult
304,When weather is the news you can count on CNN s team of experienced meteorologists to bring it to you first CNNWeather,Non_Adult
730,Official account for Juan Williams Fox News analyst The Hill columnist former Washington Post scribe author of What the Hell Do You Have to Lose,Non_Adult
762,The Offical Behind The Scenes Site for The Dogfart Network Featuring the Entire Blacks On Blondes Archive Gloryhole Spring Thomas Blacks On Cougars Interracial Blowbang Many More,Adult
433,Foreign Correspondent,Non_Adult
347,All the tweets for breaking news views Facebook Telegram,Non_Adult
199,Awesome Asian chicks are right here waiting for your attention over their beautiful bodies as they pleasures themselves into amazing orgasms showing off their sweet pussy for you to understand what it means to be truly beautiful,Adult
154,Official account of CP24 Toronto and the GTA s 1 source for breaking news Our Twitter account is LIVE 24 hours a day,Non_Adult
456,Unshaved teen chicks and furry Milf spreads legs and closeup bushy pussies Look hairy girls at candid porn pictures,Adult
3,SeeMomSuck is packed with the best Amateur Step Mom Blowjobs Download Hot x000D Mom and Teen Blowjob Videos at SeeMomSuck,Adult
377,Full time broadcaster plant lover tattoo enthusiast founder of TCKT Insta laceduplauren Stay Cool,Non_Adult
396,Tampa Bay s free weekly newspaper A product of Times Florida s largest and best newspaper Read the latest issue at,Non_Adult
702,Breaking news and sport from the Express Star Email us at newsdesk co uk,Non_Adult
358,Follow for exclusive news on Neo QLED 8K NeoQLED8K NeoQLED MicroLED TheWall TheSero TheFrame TheSerif TheTerrace ThePremiere,Non_Adult
771,Celebrity Thumbs has new daily free nude celeb pic and video galleries,Adult
276,Local stories covered by the journalists who live here plus the best investigations opinion national and international news,Non_Adult
266,XXXJug will teach you how to become the sort of person that your mom has always told you to avoid dealing with XXX teens tube will make you forget all about decency You will find yourself enjoying totally vicious and dirty things Come on Let your libido run riot Watch the best xxx porn in the world exploring one porn category after another You will love every single sex clip in our unique collection,Adult
237,We Are New Orleans Very Own Tag Photos Videos WGNO For Permission To Share On Air Online Download The WGNO News App Now From The App Store Google Play,Non_Adult
229,Hot Naked Moms is a variety of genres from asian mature porn and big cock sucking to desperate orgies and black moms xxx pictures Milf anal sex round asses double penetration bukkake and more,Adult
357,Beaver Palace All Exclusive Content Porn Videos,Adult
651,The hottest celebrity news fashion beauty health and real life stories Instagram Facebook,Non_Adult
615,Correspondent comedian Host of The Twitchuation Room on Newsbroke on Red White and Who on MSNBC IG,Non_Adult
445,Top Porn Sites,Adult
618,All our movies in HD resolution have scenes with anal sex with beautifull babes only and cumshots at the end xCum publishes videos the same day they are released,Adult
536,Free porn Big Ass Anal Ebony Bbw Interracial Shemale Latina Mom Stepmom Milf Bbc Chubby African Mature Ass Licking and much more,Adult
373,Executive Coach Partner Morris and Larson Advisors LLC News Analyst NY Times bestselling author,Non_Adult
692,Sportsnet baseball columnist Author Big 50 Toronto Blue Jays order revised and updated edition Journalism instructor Centennial College,Non_Adult
650,Hip Hop on a Higher Level,Non_Adult
528,The official source of news for Pokmon Trainers in the UK and Ireland For customer service visit,Non_Adult
116,White House Correspondent alum monica alba com,Non_Adult
222,All the interracial porn you will ever need Come to the original and best Interracial com,Adult
508,Watch over 12 million of the best porn tube movies for FREE Sex videos updated every 5 minutes,Adult
105,The most informative half hour in Canada Weeknights with and weekends with Global For breaking news follow,Non_Adult
691,Award winning investigative Journalist ex Social Media Editor BBC Urdu Reporting on aviation Fact Checker A frustrated journalist is a cliche Views MINE,Non_Adult
200,National correspondent for The Washington Post Newsletter How To Read This Chart Writing a book about the baby boom for Viking philip bump com,Non_Adult
830,PornPlayBB Com offers all types of mind blowing adult games unprecedented variety All that suits your interests Porn Games Android Windows MacOs Adult and Sex Video Games Download and Play Porn Video Games for Free,Adult
694,Political Editor for,Non_Adult
584,Breaking Stories and information from WWL TV Channel 4 Eyewitness News CBS affiliate in New Orleans,Non_Adult
342,Live updates from the team behind BNO News Currently covering coronavirus For other news follow,Non_Adult
754,Financial Times columnist reporter and associate editor focused on the world of work Bootstrappy regional Opinions mine not the FT s,Non_Adult
638,Real Zoo Movies free site about zoo porn Oldschool animal sex movies amateur zoo sex from webcam leaked animal porn videos,Adult
746,Chief Foreign Affairs Correspondent of The Wall Street Journal Author of Siege of Mecca Endorsing nothing Email me yarotrof at gmail,Non_Adult
716,Providing travel advice insights on Southern African destinations beyond,Non_Adult
432,Tweeting the latest breaking news from the WCCO TV newsroom since 2007 Want more than just breaking news updates Follow,Non_Adult
391,NPR media correspondent Author Murdoch s World,Non_Adult
598,Get all the major news that matters to you from San Diego s leading news source ABC 10News Got a news tip Call 619 237 6383 visit,Non_Adult
371,good guys website,Non_Adult
662,Assassin of Alphabet Bestseller of Books Critic of Culture TED Talk Titan Side Eye Sorceress,Non_Adult
479,All the videos are on RealityKings com Check out the best porn videos in HD More than 13 THOUSAND full length videos are waiting for you,Adult
287,AREA51 is the biggest porn link archive and presents you the best and most popular erotic links,Adult
34,National columnist for HockeyBuzz and Red Wings beat writer for Detroit Hockey Now Previously was USA TODAY s hockey writer for 34 seasons 1986 2019,Non_Adult
569,Categorized Amateurs Teens Mature Anal Lesbians Pornstars Fetish Bbc Rough Hardcore etc Community Individual Accounts Private Albums Followers Likes Sharing Search Notofications etc Security Fully Encrypted And Trusted SSL Connection Legal Content Full Privacy,Adult
8,go to youtube and subscribe to this channel TASIN NEWS TV and TASIN NEWS TV2,Non_Adult
277,Quality adult porn comics by franchises categories authors and characters All XYZ sex parodies in 3D manga hentai and cartoon,Adult
14,News Anchor Founder of Specialize in breaking news,Non_Adult
828,Covering the latest news in all fields of science Tweets by and Publisher See also,Non_Adult
319,Ton videos for everyone for free Watch in HD quality add to favorites and be happy,Non_Adult
440,Another view to cancer and cardiovascular diseases through the role of 5 To 10 A Day in the modern healthy eating tendence,Non_Adult
625,Legal and political analyst for Fox News Channel Author of THE RUSSIA HOAX and WITCH HUNT available now,Non_Adult
552,Author of NeuroTribes The Legacy of Autism and the Future of Neurodiversity a NYT bestseller The Taste of Salt a history of cystic fibrosis coming 2023,Non_Adult
98,Mike Barnicle is an award winning print and broadcast journalist and a social and political commentator Watch Mike Barnicle at,Non_Adult
763,Special Correspondent SE Asia Mostly Myanmar Formerly Yangon Phnom Penh London Part of Pulitzer winning team 2019 DMs open for tips cat pix,Non_Adult
348,The xxx sex videos platform is right here to supply you with the nastiest and most gripping porn thrillers in the porn industry loads of sex video masterpieces were collected in this virtual harbor for you to rejoice at them all sex wishes are fulfilled,Adult
568,A fun app to collect and watch gorgeous girls getting naughty,Adult
94,Xxx videos Hd sex movies Palm Tube is great porn tube with big collection of 100 free porn Our addictive sex tube is also adapted for mobile devices,Adult
31,Senior Correspondent contributing writer Author of IN TRUMP S SHADOW via,Non_Adult
745,We love all things NOLA,Non_Adult
333,Breaking news and analysis on global financial markets,Non_Adult
458,Pulitzer Prize and Emmy Award Winner Correspondent Host of Into America podcast Proud Milton Hershey School alum trymaine lee com,Non_Adult
593,Free Porno Pics Free Sex Pics Porno Pictures and Movies galleries with daily updates,Adult
209,Tubesafari is a powerful search engine for free porn videos We offer personalized recommendations and related videos from all the best free porn sites,Adult
175,The authority for music industry professionals worldwide,Non_Adult
480,Your editorially independent source for Harvard news arts culture and more Sign up for our weekly newsletter,Non_Adult
281,Writer and Broadcaster This is my take on the big arguments the politics economics and personalities in the UK Europe and N America,Non_Adult
106,Free porn Japanese Mom Casting Stepmom Teen Anal Wife Hairy Lesbian Mature Japanese Uncensored Teen Chinese Webcam Granny Solo and much more,Adult
737,Young beauties passionately want sex girls want to fuck a lot and they give themselves to fuck in wet pussy Download porn videos for free a large selection of hot porn,Adult
251,1 source for breaking news weather and sports in the Bay Area Share photos vids and tips by tagging tweets abc7now You may see them here or on ABC7 News,Non_Adult
796,Antiq Free Adult Forum Only exclusive fetish videos and pics,Adult
389,Adult videos from video games including porn from Second Life Sims sex movies Elizabeth Lara Croft Mass Effect Skyrim and Source Film Maker,Adult
627,Mature Ladies is a free mature porn tube with MILF and cougars sex granny GILF porn videos New mature videos added daily Enjoy now,Adult
821,Secret Benefits is a dynamic online meeting place where experienced and attractive people can find their dream relationship Millions of people have used Secret Benefits to find adventure and companionship creating unique relationships that are mutually fulfilling,Adult
327,New hasgtag friendly porn video search site on the web You can get all porn videos for free,Adult
12,Trending Topics Femdom Clips Taboo Fetish Porn Ballon Cosplay Porn Sissy Porn Sissy hypno JOI CEI,Adult
685,Enjoy daily updated free bbw movies and get exclusive bbw porn videos right now at BBWMovies com,Adult
525,Bondage Fetish forum Discussions Personals Picturess and movies male female domination CatFight videos Smoking Fetish,Adult
607,Free sexy babes pictures galleries update daily,Adult
213,Poker Pro Host Commentator 2019 Broadcaster of the Year Amazing Racer singer gamer explorer knowledge seeker,Non_Adult
216,Personal BDSM experiences and behind the scenes stories,Adult
566,Welcome to PornWorld com Home of World Class Hardcore Porn We have thousands of Full HD and 4K Porn Clips for Your Pleasure Enter And Enjoy,Adult
422,YouPorn is your home for free XXX porn videos Sit back and watch all of the unlimited high quality HD porn your heart desires Enjoy the hottest porno movies from just about any category you can imagine Discover the sexiest naked pornstars and amateurs on Earth only on the world s favorite sex tube YouPorn,Adult
421,Have Her is a collection of real sorority hazing tapes that show how girls really act These videos are the best all 10k winners Amateur lesbian porn at its best made by the older sisters,Adult
68,Breaking news live updates and developing stories around the world Follow for in depth coverage features videos and more,Non_Adult
85,Cultural Political Commentator E News Telemundo Clevver ESPN Deportes Cuban Lebanese Parts Miami Made BOOKINGS COM TEXT 305 363 1841,Non_Adult
648,International Correspondent Dubliner who has been making detours for decades Never far from a cup of tea Own views Retweets are not endorsements,Non_Adult
466,Your breaking news now,Non_Adult
429,Local News Matters We cover the news from Pasadena Calif and surrounding communities LocalNewsMatters,Non_Adult
417,Covering East Central Illinois with news sports and everything you want to know Can we help you,Non_Adult
631,Nude eriotic and teens models pics sexy cute teen galeries,Adult
196,London Anchor Correspondent,Non_Adult
710,USA Lacrosse Magazine is the flagship publication of Lacrosse Follow for the latest lacrosse news,Non_Adult
284,All new Everything is Spiritual tour dates and tickets at,Non_Adult
111,Come to the best site for cheaters Score a hot hookup with someone who only wants you for one thing Don t wait Join today,Adult
744,We are the UKs National Innovation Agency We fund business research collaborations to accelerate innovation YouTube Part of News,Non_Adult
766,Irresistibly wet pussy getting banged by several guys at a time and a lot more Our pretty nude girls know how to make their fuck buddies happy,Adult
499,Breaking news smart analysis and in depth features on global markets and finance from The Wall Street Journal,Non_Adult
290,Naked Babes Hot Nude Babes pics daily fresh free pictures,Adult
388,Male Feet Lovers The Amazing Male Foot Fetish Male Feet Male Tickling and Sock Fetish site with pictures and images of hot male feet socks fetish stories foot personal ads for men,Adult
359,Tons of free asian rape videos,Adult
406,Chief Sports Correspondent The Times Views mine etc,Non_Adult
364,Sports broadcaster for BBC I talk about Leeds United a lot and love a round of golf Views belong to me and not the BBC efc,Non_Adult
524,Your Favorite Free Porn Tube Don t miss daily updates,Adult
641,Broadcaster 2fm Breakfast Podcaster The Laughs Of Your Life andy ie,Non_Adult
112,Legal Young girl movies at Give Me Young Dot Com Best movies only,Adult
102,Reports from News political team,Non_Adult
414,NFL MLB broadcaster for FOX glutenfree,Non_Adult
190,This is the official Twitter page for author Luca Rossi GALACTIC ENERGIES is the new scifi fantasy anthology,Non_Adult
759,Award winning Historian Professor and Writer 2022 National Fellow Columnist New Book UNTIL I AM FREE,Non_Adult
591,Sports columnist emeritus for the Boston Globe,Non_Adult
52,Hot moms teaching cute teens how to fuck deep throat and hardcore anal here at www momsteachingteens com,Adult
28,Author Formerly director AFP news agency Jordan and Amnesty International regional director for MENA Committed to live fully every day until the expiry date,Non_Adult
65,enjoy large natural breasts and nude big tits babes,Adult
822,Chief financial correspondent Axios Host Slate Money Follow for my story feed,Non_Adult
749,Keeping you in the know 24 7 For breaking news special reports etc Latest on sports follow TalkToPD PDWikendi,Non_Adult
308,Hentai rules sharing the love since 2006,Adult
386,Breaking News Weather and Sports The Midlands first choice since 1953,Non_Adult
354,Official Twitter account for Wide World of Sports Commentary stats results and all the news Follow us on Instagram for more,Non_Adult
626,The Roanoke Times is the leading newspaper in Rke NRV swva Follow our reporters here,Non_Adult
159,Delmarva s News Leader RTs are not endorsements,Non_Adult
186,Looking for free sex porn These free porn xxx videos will blow your mind like any other incredible xxx sex video that we possess on our website,Adult
244,Adult webmasters submit your thumbnail galleries to Elephant List Get high quality traffic to your picture or movie galleries,Adult
670,Broadcast Journalist urdu on the primetime show Founding editor Board member Jahangir Previously,Non_Adult
837,1 NYT Bestseller Author of the 1 series RED QUEEN and 1 REALM BREAKER RB2 on the way Updates only For inquiries contact,Non_Adult
157,Popular categories Mom Japanese Lesbian Vintage Interracial Wife Mature Teen Milf Stepmom Anal Shemale Amateur Cuckold Granny and much more,Adult
126,The official page of Sudan News Agency SUNA Sudan,Non_Adult
322,Author of Sunday Times No 1 Bestseller Skincare British Book Awards Winner 2021 Book of The Year Lifestyle Founder of Beauty Backed Trust,Non_Adult
667,Colorado s Own Channel 2 KWGN provides Breaking News COwx COtraffic sports entertainment and CW Network programming,Non_Adult
212,Large collection of free and quality porn galleries of beautiful and sexy older women,Adult
103,Hand picked collection of adult films ready to be enjoyed for free thats what the porn tube at Porno Teen Sex offers you These XXX vids are awesome check them out,Adult
842,Twitter Oficial Autor Bestseller con EnAlgnLugar y SiPudieraVolver,Non_Adult
520,Free To Join Browse Our Interracial Dating Community Meet 1000 s of Singles Online Today Using Our Secure Fun Interracial Dating Platform Join Today,Adult
758,Free sex videos every day straight from porn movie studios Tube Wolf brings you never ending updates of new full length sex scenes,Adult
228,Free UK adult dating services online with Sex in the UK the online adult dating site for no strings attached adult fun,Adult
780,Journalism is an act of faith in the future TedTalk,Non_Adult
182,Cleveland s own Fox 8 News Breaking news weather alerts tweets that impact you Your tweets could be used on air,Non_Adult
600,Free sex German Mom Arabian Mature Stepmom Old Man Pregnant Hairy Japanese Turkish Secretary Lingerie Granny Cream Pie Teen and much more,Adult
620,Official Interactive Porn Site featuring Riley Reid Janice Griffith Kimmy Granger Chanel Preston Mia Malkova Alison Tyler August Ames Elsa Jean and ma,Adult
197,This is the free porn tube where you x000D can watch and submit any legal niche movies,Adult
462,Print Digital mag since 2002 The premiere magazine for meditation music arts wellness Ayurveda food film spirituality activism,Non_Adult
451,This blogis used to store my collection of sexy tights pantyhose and high heels etc Welcome to rebolg You can ask me anything if you want You can also submit anything you want Enjoy yourself,Adult
811,Official twitter handle of PTV News the News Current Affairs Channel of PTV the State Broadcaster of Pakistan,Non_Adult
761,Safe and the best website to watch online or download OnlyFans Leaked Nudes Instagram models Twitch streamers Chaturbate Archive and Couple Cams,Adult
486,Tired of jerkin off to old videos SheGotAss has lots of free black amateur ebony girl videos for your viewing pleasures In Ultra HD It makes your balls sour,Adult
50,Every day new and high quality gay porn videos on the Go GayTube Visit us and you will not have to pay money rate the video and enjoy watching video on a big player,Adult
415,Author NYTimes Bestseller IMMORTAL LIFE OF HENRIETTALACKS now an film HeLaMovie Writing a book on animals ethics AnimalResearch Insta,Non_Adult
366,Hudson Inst BGR Advisory board Fmr U S State Department official Fmr Fox News anchor correspondent,Non_Adult
534,Crazy Shit Making Memes Extreme Crazy Videos Video Clips Funny Videos Crazy Clips and More,Adult
234,Official Publicagent com site The cream of crop for Public Sex reality episoded Watch our experienced agent seduce lovely amateurs in risky public sex scenes,Adult
489,Thank you for choosing xxxorientalvideos com this is your new 1 Source for all things asian porno we have jav videos starring seductive japanese schoolgirls we have busty Chinese sluts thai t girls Vietnamese milfs and so much more our varied selection of hardcore pornography is sure to satisfy every possible taste be sure to check out our daily updates,Adult
581,Free Teen Porn Galleries Find The Hottest Teen Sex Pics Here,Adult
401,Chief leader writer and columnist,Non_Adult
438,Scott Pelley is the author of Truth Worth Telling and a 60 Minutes correspondent He anchored the CBS Evening News from 2011 to 2017,Non_Adult
527,WARNING Are you 18 or older Welcome to Adult Talent Managers Founded in 2006 ATMLA has grown to become one of the largest and leading Adult Talent Agencies in the Los Angeles Area In 2012 ATMLA was sold and purchased by industry veteran Mark Schechter best known for his role as a partner in the award winning affiliate program Blazingbucks With over 20 years of experience in the adult industry Mark maintains an impressive reputation and track record of Read More,Adult
368,TV Radio Broadcast Journalist with RTE Irelands public service broadcaster The views here are my own personal opinions primetime,Non_Adult
151,Kanojo Toys is the most popular online sex shop shipping worldwide and discreetly adult goods from Japan for him her and couple play since 2007 Discover our fantasy stimulating masturbators vibrators dildos anime sex dolls costumes lubes and much more,Adult
803,Mom Son Porn Tube,Adult
717,Enormous Database Of Daily Updated Free Tube Videos,Adult
29,Xtube com is no longer available Watch FREE hardcore porn videos The best Adult Community with both Straight and Gay Sex Movies full of hot 18 amateurs,Adult
238,Adult Entertainment Service Provider Directory more Escort Webcam Phone Chat Sex Movies,Adult
802,NYT Health Columnist Founder former editor Emmy GLAAD award winner prev and,Non_Adult
323,Cartoon Sex Tube with free Hentai videos Anime Sex and XXX Comics Your favorite cartoon characters in adult version of famous toons,Adult
793,Sexy Playboy Models In Hot TV Shows Videos And Pics,Adult
723,Top stories Trusted sources Your window to the news that matters most to you Current live events pinned below Download our app here,Non_Adult
379,Official Twitter Account of LEADERSHIP NEWS Nigeria s most influential Multimedia news content provider based in Abuja,Non_Adult
558,Digital News Service of Indias Public Broadcaster Breaking Alerts Digests curated Developing Stories from across the Globe Also on,Non_Adult
515,3X Intl Bestseller KETO CLARITY COMPLETE GUIDE TO FASTING Podcastersince 2006 Host LLVLC REAL TALK Co host One Step Deeper,Non_Adult
30,Featuring sexy girls with muscle Free pictures and video of the hottest female bodybuilders fitness models athletes hard body porn stars and more,Adult
824,the movs porn just the best,Adult
350,Emmy winning anchor of The Beat on MSNBC I NBC Analyst MSNBC Chief Legal Correspondent JD I Latest segments,Non_Adult
798,Stormzys G Broadcaster 1 4pm weekdays writer event host podcasts Contact,Non_Adult
740,From beaches to breweries mountaintops to museums we seek and share the best plates pours faces and places in San Diego,Non_Adult
51,Kabul correspondent Born in Kabul Raised in Little Kabul Declared independence in DC Back in Kabul Views my own but if you like em,Non_Adult
507,See beautiful hairy girls with natural hairy pussy right here at WeAreHairy com Get 4 exclusive updates every single day from the premier hairy porn site online,Adult
36,Gay London Guide LGBT Events Parties Cabaret QX Queer Gay London Life Nightlife listings UPDATED WEEKLY 2022,Non_Adult
609,Award winning gay adult studio based in Barcelona Join us to get access to our exclusive videos,Adult
78,Watch free porn videos at pornrox com with new clips added daily Find sexy pornstars on your desktop or mobile phone without worrying about annoying adds and streaming speeds that will make you flip the table We bring the porn tube experience to your door in a secure connection for free,Adult
13,Free porn videos with horny teens Teenage girls ready to fuck,Adult
58,Social psychologist NYT bestseller TED talker Deadhead Roller skater Skier Mom Partner Next book Bullies Bystanders Bravehearts Mariner,Non_Adult
575,Daily Twitch Broadcaster Fitness Enthusiast Business inquiries faux gg,Non_Adult
233,This is the official KTLA 5 Morning News Twitter account Watch weekdays 4 a m to noon and weekends 6 a m to 11 a m,Non_Adult
751,We re a monthly magazine bringing you stories you care about arts style food and what s happening in Cincinnati,Non_Adult
732,Welcome to ShemaleWiki an international shemale escort list with main focus on Europe Middle east and Asia here you get an overview of the shemales you can meet right now Note that we have escorts in numerous countries all over the world,Adult
412,Most exciting pornstars from Japan are posing masturbating and fucking like never before in xxx vids on Japanese Ass Tube,Adult
478,Journalist Former War Correspondent Author Mideast Iran Afghanistan Ellis Island Medal of Honor Alum,Non_Adult
193,TV Radio Host 2021 CMA Broadcast Personality of the Year Award Winner Book audiobook Hears The Thing out now Order at,Non_Adult
384,Free Sex Stories Collection,Adult
404,Celebrating over 20 years as St Louis independent culinary authority,Non_Adult
590,Free porn and sex videos available absolutely free on Arion Movies com Enter the xxx world of unlimited homemade fuck videos and you are sure to stay with us for hours,Adult
45,I teach journalism at NYU critique the press try to suggest reforms PressThink is the name of my subject and my site Started blogging in 2003 Still at it,Non_Adult
487,Porn tube huge archives of porn categories and sex videos movies tube clips,Adult
24,Fleshlight Girls Get inside your favorite stars,Adult
843,Writer I like planets Find me in others Opinions are mine she her,Non_Adult
471,Chief investigative correspondent Yahoo News co author Russian Roulette host of award winning Co host misikoff com,Non_Adult
256,Popular categories Mom Lesbian Japanese Interracial Vintage Mature Teen Wife Shemale Anal Stepmom Granny Casting Massage Milf and much more,Adult
560,Enjoy free webcams broadcasted live from amateurs around the world Join 100 Free,Adult
697,UC Berkeley s independent student run newspaper Established in 1871 independent since 1971,Non_Adult
775,Welcome to Gamma Entertainment the best adult affiliate program in the industry with the best payout programs earn 35 for each sale or join the 50 revshare program to earn money online,Adult
491,Join now and watch over 4500 mature porn scenes on Mature nl now We have the largest collection of mature porn videos featuring the best MILFs grannies gangbangs and the biggest tits so get your daily fill of mature sex right here,Adult
547,First for news sport weather in Queensland with Weekdays at 4pm nightly at 6pm Got a story Email 7NEWS com au 7NEWS,Non_Adult
246,BravoErotica com provides thumbnailed links to the most beautiful nude models pussy on the net Daily updated erotic picture galleries,Adult
122,Welcome to PremiumHDV a site devoted to beautiful babes captured as they should be in High Definition The site offers a lucrative collection of,Adult
578,Latinax Teen solo models petite girls ftv babes Latin X Girls,Adult
206,Free Pussy Videos movies cams 1 Free Pussy website since 1998 Thousands of free pussy videos in HD quality We only list the best,Adult
639,Best nude babes photos updated regularly with tons of best sexy teens xxx galleries and young pink pussy pictures,Adult
176,India s premier destination for cricket football tennis and other sports from all over the world,Non_Adult
695,odd mom out on 4 92 stars on uber correspondent on on CBS,Non_Adult
0,Washington Correspondent New York Magazine Writing a book with for Simon Schusters Avid Reader about 2020 Olivia Nuzzi com,Non_Adult
226,A Foreign Affair Love Me international dating service meet Russian women Latin women Asian women colombian women china women for love 75 tours a year to meet Russian Latin Colombian Chinese women Asian women and Mail Order Brides,Adult
806,86 Mets WS Champ 3x NL All Star NYTimes Bestseller HouseofNails would wouldnt,Non_Adult
249,OLD USE is old mature porn tube archive flash old and young tube vids from best old mature sex porn tube sites,Adult
469,The Premier Publishing Resource for IndieAuthors Writers and Publishers,Non_Adult
108,Tech journalist since 2007 Bylines former editor at Digital Trends,Non_Adult
426,Archived account for The Oklahoman the state s most trusted news source and the largest daily newspaper in Oklahoma,Non_Adult
5,Author columnist doctor Hindustani music Newsletter SATTVA Everyday Superfoods March 2021,Non_Adult
260,Official updates about the innovators at Hewlett Packard Labs from Palo Alto and around the world News media inquiries contact corpmediarelations com,Non_Adult
799,Washington bureau chief Germany s global broadcaster,Non_Adult
313,Tweeting about SaaS Marketing Growth Watching Fresh Prince of Bel Air Re Runs CEO Wired in,Non_Adult
596,Daily update 720p 1080p Full HD Porn Videos Discover the latest hd porn videos on the internet,Adult
59,We bring you the best free porn from the best sites on the internet today We have all the content that you cannot find at other free sites,Adult
345,A huge database of free porn tubes 10 000s of porn vids sorted by category This is the only porn resource you ll ever need TubeGalore it s a vortex,Adult
47,GeekxGirls com featuring geeky cosplay fan art comics memes more Fansite for lovers of sci fi fantasy games anime comic books and all things geek,Non_Adult
743,Full time Broadcaster Software Engineer business inquiries dasmehdi tv,Non_Adult
302,Visit Youporngay com for the best gay porn movies Get hot 18 twink hunks sucking huge cocks and having anal sex in free videos,Adult
689,The leading online news and information source for Tacoma Washington and the South Puget Sound,Non_Adult
632,IPS SSP Baramulla hard wired cop Koshur At risk of being obsessive subtle humour always More than meets the eye but gliding below the radar,Non_Adult
286,All the latest 3D Printing News from around the World,Non_Adult
767,quality free shemale porn tube and tranny sex videos Watch HD and 4k Transsexual hardcore clips at sheshaft com,Adult
729,Mild mannered Chicago columnist host of The Chicago Way Podcast and proprietor of,Non_Adult
312,National Political Correspondent formerly mmcgraw com Often with Daisy the basset hound WV raised Hook em horns,Non_Adult
825,Based on the NY Times bestseller by Sally Rooney all episodes of NormalPeople are on If you re not in the US check out our friends at,Non_Adult
823,HR Technology Conference Co Chair Co Host of the Show and Podcast HR Executive Magazine columnist Gamecock Alum,Non_Adult
712,Daily news from about Taiwan local paper headlines and photos of the day Retweet Follow FB tw Insta tw,Non_Adult
459,Tucson s Best Newspaper,Non_Adult
747,Follow for Breaking News and CUT videos that impact you,Non_Adult
460,Young pussies pics tight teen butts small pussy tiny tits black and asian and other porn niches,Adult
383,News alerts headlines more from WNYs largest newsroom,Non_Adult
17,CEO Chief Strategist Quill Intelligence LLC columnist Fmr Federal Reserve insider Author FedUp,Non_Adult
687,JapanToday is the leading English news site about Japan featuring all the latest news and stimulating reader discussions on domestic and international issues,Non_Adult
42,Download Porn video BDSM Femdom Anal Teen Shemale Gay Bukkake Fisting HotKinkyJo PremiumBukkake SpermMania Dickdrainers p p p tv Goddes and many more,Adult
750,Welcome to my caption blog of work I ve done and other work that has either been done for me or I have found online and really liked I have been capping for a while now but have never put all of my work together on one place So I figure it is about time When capping my mind tends to flow in a XXX manner and if transformations are involved then of course you have to live out your deepest fantasies So here goes Stormy,Non_Adult
785,org fellow columnist Author The Road Not Taken Corrosion of Conservatism All opinions mine feel free to adopt them RTendorsement,Non_Adult
757,Here you will find a large collection of free Mature Granny MILF and BBW straming porn videos sorted by popularity for your viewing pleasure Porn videos Mature Granny Mom Wife Amateur Creampie Homemade Interracial Cuckold British Lesbian Cougar Solo Mature Anal Big Tits and much more,Adult
815,Huge collection of free hd porn videos Tons of amateur sex and professional hd movies Daily updated videos of hot busty teen latina amateur more,Adult
511,Hawaii Food Tours,Non_Adult
76,The top sports stories and insights from the global staff of The breaking news since 1846 Please also follow Top25 NFL and Deportes,Non_Adult
141,Art dealer writer broadcaster President Plantlife Whippet fancier Co presenter Fakeorfortune,Non_Adult
804,The world s 1 digital vegan lifestyle magazine FREE to read Highlighting the best in vegan food products business beauty news and more,Non_Adult
585,Subscribe at Power People Politics punchbowlnews,Non_Adult
721,Actual Porn Forum Only New and Free XXX Video,Adult
152,1 million of most fappable porn streaming videos from xHamster XVideos PornHub XNXX Beeg DrTuber and more at FapPorn me Updated hourly sex movies,Adult
32,TV news station serving the Alabama and Florida Gulf Coast areas,Non_Adult
15,Design thinker company advisor professor columnist author Latest book Design of Everyday Things Revised and Expanded,Non_Adult
435,The Best Porn Reviews Membership Discounts Know what you ll get on pay porn sites porn networks porn stars Pay less with our fresh discount offers,Adult
498,Largest retail fetish store in the USA A real brick and mortar store in business since 1995 one of largest focused retail fetish stores in the world,Non_Adult
619,Award winning Emmy nominated Senior Investigative Correspondent Covering national security intel Follow me for more news less noise factsmatter,Non_Adult
505,Writer broadcaster for The SEC Network Columnist for Contributor to 680 The Fan,Non_Adult
838,Real time news from The Star Ledger New Jersey s largest daily newspaper,Non_Adult
403,Young teen and amateur porn videos from USA UK and Czech Real amateur photos and porn videos for free,Adult
659,Headlines and breaking news from NBC affiliate NEWS CENTER Maine in Portland and Bangor Maine Start your tweet with NEWSCENTERmaine to say hi,Non_Adult
450,Greg Miller is a National Security Correspondent for The Washington Post winner of Pulitzer Prize and author of The Apprentice greg miller com,Non_Adult
35,Dr Porn Tube offers amazing collection of free porn videos and hardcore movies We update daily,Adult
225,Granny Pics free Granny porn pictures,Adult
172,Free HD black porn tube videos and high quality ebony girl pics Dank ghetto bitches gag on hood cock Real amateur ghetto porn uploaded by users,Adult
241,Broadcaster by trade Skater for life Find me here,Non_Adult
529,Latest cybersecurity news managed by Do not report hacking or other cyber incidents here Submit info at,Non_Adult
343,Online video service that offers more than 10 000 high quality free gay porn videos One of the best collections of free gay sex movies in near HD high definition quality Start watching our quality gay porn videos now,Adult
156,Breaking news and information from WVLT Knoxville TN s CBS affiliate,Non_Adult
764,Take pleasure in some of the best sex videos that will make your cock absolutely explode Porno movis with the dirtiest of babes on our HD porn TV,Adult
752,Columnist Appa Husband BJP Worker Member of Parliament,Non_Adult
755,Author columnist Latest book Pandemonium The Great Indian Banking Tragedy Weekly column Banker s Trust Part of Mint founding team Linkedin influencer,Non_Adult
506,Blacks On Blondes is the largest hardcore interracial porn site for movies and pictures blacksonblondes is also home of the Dogfart Movie Archive,Adult
831,Music Culture News Sports Fashion Lifestyle MoreThanAMagazine TheSOURCE IG Check Our Sister,Non_Adult
555,Anthro journalist and author of Veneer of Civilisation Psychopathic Cultures and Beyond the End,Non_Adult
215,The Pittsburgh Post Gazette serving Western Pennsylvania for over 200 years Follow the latest breaking news opinion analysis and more at,Non_Adult
208,Badjojo is the 1 free porn search engine with millions of free videos We have amateur teen or milf videos from the best porn sites,Adult
64,Featuring 1 588 hairy pussy models with over 2 796 961 hairy photos and 5 000 videos ATK Hairy also offers daily exclusive updates with 8 High Res photo sets and 3 HD videos per update,Adult
10,Editorial Features Editor in charge of op ed pages Best of the Web columnist 2000 17 Pu,Non_Adult
623,The Lawrence Journal World provides local news sports and other info interesting to Lawrence and Douglas County Kansas Story ideas tips news com,Non_Adult
833,I have seen so much evil and such despair but also hope here I decided to write about it DEADLY ELECTION Crime Thriller sex greed Philippines,Non_Adult
178,Free sex movies site Thousand of LONG sex movies in useful format Really hot free sex and porn movies,Adult
252,Senior Maverick at Wired author of bestseller book The Inevitable Also Cool Tool maven Recomendo chief Asia holic and True Film buff,Non_Adult
605,The trusted guide to gay porn offers daily galleries honest and up to date gay porn site reviews and a gay news blog,Adult
603,BDSM list an adult listing of bdsm and fetish adult oriented sites,Adult
261,The official Twitter account for NBC affiliate WRALNews bringing you the latest Triangle community news weather and traffic,Non_Adult
100,For 30 years SpaceNews has set the authoritative standard for independent space journalism Subscribe to our newsletters,Non_Adult
167,talkSPORT Radio Sky TV reporter Non League work for QPR programme groundhopper Irish Italian born in Tallaght Slainte,Non_Adult
577,Mens Luxury Lifestyle Aspirational and Inspirational,Non_Adult
314,Popular categories Mom Lesbian Japanese Granny Vintage Teen Interracial Mature Stepmom Hairy Shemale Wife Full Movie Anal Ugly and much more,Adult
518,Lex and Terry are a nationally syndicated radio show Telling dick jokes for a living,Adult
742,Ghanas leading online news publication for business executives in West Africa and around the continent email newsghana101 com Tel 233 244 244807,Non_Adult
661,Porn videos Mom Lesbian Japanese Teen Stepmom Mature Vintage Milf Interracial Anal Shemale Wife Granny Threesome Classic and much more,Adult
644,The BEST Free porn online Watch the hottest ass and anal porn movies best highest quality porn with the sexiest Amateur girls and the top pornstars Updated daily on vipporns com,Adult
446,Friends This is 24 7 breaking news site,Non_Adult
788,Tiny4K offers the 4K Ultra Definition HD Porn Videos of tiny girls taking on the internet s biggest cocks These sexy women are all under 100 lbs and enjoy getting fucked by huge dicks so Join today,Adult
367,News sport comment and more from The Irish News Sign up for our free daily newsletters,Non_Adult
145,Daily Nation is The People s Newspaper of Zambia We also print books fliers and various brand materials Tweet us using OurNation,Non_Adult
362,Daily Updated Teen Pornstar Galleries,Adult
660,Desipapa is a free Indian sex website featuring pictures movies homemade porn of sexy Indian babes directly from India Unzipping Indian girls bhabhi wifes babes and amateur every day,Adult
753,Soccer columnist for ESPN,Non_Adult
782,Best MILFs porn videos sorted by XXX categories Mature ladies mom son sex old lesbians and lots more We offer daily updates and HD streaming as well,Adult
321,Tons of free jizz covered porn videos from Jizz Bunker porn tube Come in for newest porn videos Daily updates,Adult
185,Enjoy countless sex videos on this free webcam porno tube that are bound to make you hard featuring the naughtiest chicks who love to please their men,Adult
653,Chief Congressional Correspondent Roaming the Capitol halls covering the Hill and politics Die hard Chicago sports fan Wisconsin Badger for life,Non_Adult
132,The next generation of entertainment news,Non_Adult
630,Capitol Hill Correspondent Author in progress RTs likes not endorsements but you knew that,Non_Adult
119,Journalist Broadcaster Author of Hidden Heritage OUT IN BOOKSHOPS NOW or order here photo Sophie Davidson,Non_Adult
832,SBS is the exclusive broadcaster of the 2022 FIFA World Cup with all 64 games LIVE FREE and in HD on SBS Visit us at,Non_Adult
38,Black singles know BlackPeopleMeet com is the premier online destination for African American dating To meet black men or black women in your area sign up today FREE Learn more here,Adult
493,UNC s independent student newspaper Sign up for our daily newsletter Tips questions DM us Donate to the DTH,Non_Adult
781,Rexxx porn search engine allows you to search through over 3 000 000 free porn tube videos,Adult
338,The official website of Falcon Studios gay porn website Over 30 years of providing the best quality XXX gay movies Watch weekly updates and thousands of videos at FalconStudios com,Adult
84,Extreme zoo porn videos and animal XXX clips from xVideos featuring scenes of zoophilia and bestiality sex exclusively on our free tube Shocking collection,Adult
224,CBC Newfoundland and Labrador Breaking news updates features columns photos videos programming highlights and much more,Non_Adult
19,Manchester football correspondent Guardian Observer Solskjr biographer Novelist agent POETRY Everyone knows how it ends Delphie Leonardo,Non_Adult
72,Exclusive family nudist images and video filmed daily from Europe and America,Adult
418,The porn world of nude teen girls showing hardcore fuck skills on video,Adult
75,The home of talkRADIO and talkRADIO TV talkTV is coming soon,Non_Adult
380,Your best source for charts new music pictures videos daily news and more fan account,Non_Adult
385,NYT columnist BNC news anchor Lecturer Author of TheDevilYouKnow and FireShutUpInMyBones both NYT bestsellers,Non_Adult
452,We take you to the heart of the stories that shape our world For breaking news follow,Non_Adult
264,An independent nonprofit newspaper Free and online all the time Send story ideas and feedback to jdavidoff com,Non_Adult
40,Cyber Defense Magazine The Premier Source for IT Security and Compliance Information,Non_Adult
428,A website for news on the television adaptation of the Outlander book series by Diana Gabaldon The site is written by six lovely lasses,Non_Adult
160,Entrepreneur Dad Champion of a Human Centered Economy YangGang Forwardist UBI Founder party bestseller Forward now on sale,Non_Adult
110,Hidden cameras the real massage salon real Czech amateurs oral sex anal voyeur mature women 18 years old,Adult
303,The Best xXx Sex Sites with High Quality Porn Videos and Pictures for Download Also the Best Adult Sex Dating Hot Live WebCam Sites,Adult
809,PBS NewsHour is one of the most trusted news programs on TV and online,Non_Adult
48,Official Twitter account for The Hospital for Sick Children SickKids Our vision Healthier Children A Better World Account not monitored 24 7,Non_Adult
509,We come from the future By,Non_Adult
18,If you want to be a part of something bigger join PervCity Our streets are lined with big tits big ass and pussies wet for your big dick all day every day Our blonde brunette and redhead anal addicts always give the green light to drive fast and hard into their ass,Adult
43,Follow us for the latest KCON news and K pop clips original content more,Non_Adult
273,This site contains huge archive of big ass sex pictures and huge butt porn galleries Download the most popular hot asses photos for free on Sexy Butt Pics,Adult
443,Underground xFobo com Forum with latest downloads of movies games applications torrents mp3 s updated daily,Adult
90,Porn Mega Load Download the highest quality porn on the net Take your favorite teens BBWs MILFs amateurs big booty girls and big boob women with you anywhere,Adult
275,White House Correspondent Past pres Georgetown prof Northwestern grad CO native Fulbright alum Postings in DC Brussels Frankfurt Berlin,Non_Adult
672,Manchester City correspondent for,Non_Adult
114,Entrepreneur Investor Author Marketing Expert Columnist on and other major publications,Non_Adult
328,Author of 12 books NEW RULES OF MARKETING PR and WSJ bestseller FANOCRACY marketing business growth strategist entrepreneur advisor to emerging companies,Non_Adult
580,MilfSexMatureMom com Porn movies Mom Mature big tits Kitchen Old lady Hairy granny Granny big tits Massage Hairy redhead Hairy asian Japanese Mature bbw Black old and young Latina Mature amateur Hairy bbw Lady Spanish Hairy Mature anal Japanese mature Mature lesbian Hairy ass Hidden cam Monster cock Mature Latex Hardcore Mature fetish Japanese big tits Group Interracial Lesbian bbw Hairy mature Maid Mature and teen Mature asian Lingerie Housewife Handjob Fat orgy,Adult
465,Official home of the mighty Penrith Panthers on Twitter Follow for breaking news behind the scenes content exclusive offers and giveaways pantherpride,Non_Adult
727,Severe weather updates from Get instant weather alerts and more updates on our free mobile app,Non_Adult
131,Free real tube movies real teen amateur homemade mature movies categorical tube archive updated daily real movies,Adult
1,Host of NPR s Pop Culture Happy Hour Author NYT Bestseller EVVIE DRAKE STARTS OVER IG lindaholmes97,Non_Adult
699,News updates from around the all day every day Home of and,Non_Adult
227,Triangle Photos News Local Advertisers Give Us A Follow FB Instagram LinkedIn Our publisher,Non_Adult
690,Online chat rooms with thousands of people from all over the world Includes free chat communities for adult teen gay or lesbian singles and more Connect instantly with no registration downloads or fees,Adult
693,The Arash Markazi Show The Morning Column On Air Past Columnist,Non_Adult
133,Breaking news and updates from Africa s 1 independent media brand WeAreNation,Non_Adult
735,News grants and eco tips from U S Environmental Protection Agency s Green Building Program Follow RT endorsement,Non_Adult
248,panelist radio broadcaster Management Nicola com New book Still Hot available 15th October,Non_Adult
283,Culture editor at The Bulwark Washington Post contributing columnist Pods Bulwark Goes to Hollywood Across the Movie Aisle Centrist edgelord,Non_Adult
496,1 Sunday Times Bestseller of Good Vibes Good Life Healing is the New High Inspiring GREATNESS KINDNESS EVOLUTION IG,Non_Adult
680,Porn300 com The coolest Free Porn Video site on internet Porn videos every hour The best XXX Porn Tube Sex and Free Porn Movies you want on mobile and pc Enjoy Porn with us Porn300 com,Adult
335,Lesbian Mpegs TGP High Quality and FREE Lesbian Porn Movies lesbian xxx movies and lesbo sex pics lesbian kissing lesbian pussies first time lesbian sex,Adult
439,Find scund com and thousands more domains for sale on the biix Marketplace Get your perfect domain today so you ensure your success tomorrow,Non_Adult
263,CEO and editorial director of the magazine an extensively kudized author noted journalist syndicated columnist and ostensible entrepreneur,Non_Adult
142,MobiFuQ com best high quality mobile sex mp4 videos Watch Amateur Asian Beautiful girls Blonde Blowjob Brunette Busty Creampie Dildo Fucking Gorgeous Hardcore Horny Indian Latina Lesbian Party Reality School girls Shaved pussy Teen and Threesome free porn movies High quality of various porn niches sorted in many different categories Mobi FuQ Xxx Tube have collected the best porn in Mp4 format get it free for your mobile or watch with your pc,Adult
245,ENF CMNF Embarrassment and Forced Nudity Blog ENF and CMNF photos stories and videos,Adult
27,Ireland s premier breaking news website providing up to the minute news and sports reports With e mail news releases following breaking stories throughout the day,Non_Adult
441,UGO is a pop culture comedy site We celebrate our obsessions by cracking jokes and making awesome videos We kid because we love,Non_Adult
138,Private is the best source for adult movies and videos Featuring the most popular hardcore adult stars in hundreds of porn movies Private com delivers,Adult
363,Spycam selftpics posses webcam outdoor This is Realboys gay webpage x000D Los mejores hombres reales de la red,Adult
89,Bringing you the best in local and statewide news across Michigan,Non_Adult
23,HypnoHub Serving 109 805 posts,Adult
608,Guys With iPhones Powered by a love for hot men who appreciate the finer gadgets in life,Adult
79,Only Child Millennial Gemini Tommy Kelly Show RealFunDC SCENE Correspondent Live Event Host Scrappy Kid From Scranton,Non_Adult
125,Big collection of free porn videos DinoTube the 1 XXX site Over 10 million free porn videos watch em now,Adult
704,The Connected Enterprise Network World from is the premier provider of news intelligence and insight for network and technology executives,Non_Adult
242,Frederick County s leading source for news sports arts entertainment and commentary,Non_Adult
370,Senior Writer and co host of the Gadget Lab podcast Lover of plot twists lauren goode com DMs open contact for Signal info,Non_Adult
683,Massage Creep brings you the hottest oily massage porn videos of amateurs having sex while getting nude massages,Adult
326,Kinky videos of a stalker that finds the true slut hidden in these beautiful teens ties them up and has rough sex with them The Teen sluts love bondage and hardcore sex,Adult
579,Tired of paying extra fees for everything than can be obtained free especially if these are the porn movies and sex videos Welcome to page that offers all the best and most popular porn videos which are Only Xhamster Tube collection,Adult
657,Tranny porn tube is packed with hours of the best shemale sex videos collected in one place Daily updated and categorized free tranny movies,Adult
504,Columnist Russian Media Analyst member,Non_Adult
408,Free gay porn previews bareback twinks jocks fitlads scallyguys,Adult
847,Tweeting breaking news from CTVNews ca in the CTV National newsroom RTs do not constitute endorsement of views,Adult
81,Handpicked online streaming porn videos is what we have here for endless enjoyment We have all the tube porn videos you need in here,Adult
468,Get this domain name before someone else does Quick and painless shopping Affordable payment options available,Non_Adult
231,Private Cams offers free webcam sex free sex cams free cam sex and free live sex Watch free sexcams with hot camgirls doing free live sex shows just for you,Adult
501,PornXab is Number one porn tube site in Internet Daily updated with 1000 s of porn videos We work really hard to bring You only specially selected High Quality Stream XXX Videos so You can relax and Enjoy watching it You will be able to watch all types of porn movies on our website different niches that will definately cover your dreams,Adult
37,Phoenix breaking news weather politics sports and more Tweet us your tips and pics with hashtag fox10phoenix,Non_Adult
140,Anchor and Correspondent Mom Wife Runner Traveler Gardener Dog lover Skier Huge Denver Broncos Fan Proud alumna RT endorsements,Non_Adult
546,Multiple Award winning radio Tv broadcaster DJ Producer and Musician,Non_Adult
637,Teen Porno Tube tons of Top Quality HD Teen Sex Videos Enjoy the best TEEN PORN,Adult
236,The unofficial guide to the FIFA World Cup 2022 Here you find news from the World Cup and other stories about football the greatest sport,Non_Adult
813,TEEN HEARTS clothing brand best known for our custom tie dye prints alien merchandise Our motto STAY WEIRD is visible throughout our unique apparel,Non_Adult
416,RebootCash l affiliation de John B Root,Non_Adult
765,Member of Society of Professional Journalists tweets Producer The Nutcracker Member Editor of HotFlash Host of Reporter Room on,Non_Adult
688,Free ebony porn pics sorted by categories teen ass mature milf hairy big tits and much more,Adult
604,Award winning lifestyle publication covering food philanthropy art entertainment style and all things Orlando since 1946 31 000 copies distributed monthly,Non_Adult
621,Turkey s English news source for more than 60 years,Non_Adult
792,Leading Independent Private News Media in Myanmar Member of the Asia News Network English Version,Non_Adult
583,Experience the best porn and get in touch with some of the best models check out this top rated XXX tube a high rated website where you can delight with tons of quality videos pure XXX for free all with a simple click,Adult
673,Official Account BOL Media Group includes BOL TV channels BOL News BOL Entertainment BOL Sports,Non_Adult
332,Zoo Sex Video Clips,Adult
269,Reuters UK editors From pigeons to multimedia Reuters has been delivering the news since 1851,Non_Adult
337,TV online news coverage of the Greater PalmSprings CoachellaValley area of Southern California News tips 760 773 3333 and Newsline3 com,Non_Adult
91,Breaking news weather entertainment information for Portland area NBC affiliate News tips newsdesk com or TEXT 503 226 5088 kgwnews kgw,Non_Adult
80,Proud to have worked for China s national broadcaster for over two decades witnessed the rise of the Chinese people Views are my own,Non_Adult
703,Porn videos Teen Japanese Lesbian Mom Wife Anal Interracial Webcam Teen Anal Mature Stepmom Hidden Masturbation Shemale Milf and much more,Adult
